<application>
  <component name="ProjectManager">
    <defaultProject>
      <component name="DiscordProjectSettings">
        <option name="show" value="ASK" />
        <option name="description" value="" />
        <option name="applicationTheme" value="default" />
        <option name="iconsTheme" value="default" />
        <option name="button1Title" value="" />
        <option name="button1Url" value="" />
        <option name="button2Title" value="" />
        <option name="button2Url" value="" />
        <option name="customApplicationId" value="" />
      </component>
      <component name="Encoding" addBOMForNewFiles="with BOM under Windows, with no BOM otherwise" />
      <component name="MaterialThemeProjectNewConfig">
        <option name="metadata">
          <MTProjectMetadataState>
            <option name="migrated" value="true" />
            <option name="pristineConfig" value="false" />
            <option name="userId" value="-16971324:1953f99bb98:-7ffa" />
          </MTProjectMetadataState>
        </option>
      </component>
      <component name="PropertiesComponent">{
  &quot;keyToString&quot;: {
    &quot;settings.editor.selected.configurable&quot;: &quot;preferences.lookFeel&quot;
  }
}</component>
      <component name="VcsDirectoryMappings" defaultProject="true" />
      <component name="WindowStateProjectService">
        <state x="700" y="240" key="#Trusted_Locations" timestamp="1740524738286">
          <screen x="0" y="0" width="1920" height="1032" />
        </state>
        <state x="700" y="240" key="#Trusted_Locations/0.0.1920.1032" timestamp="1740524738286" />
        <state x="690" y="276" key="#com.intellij.ide.actions.ChooseComponentsToExportDialog" timestamp="1740526450418">
          <screen x="0" y="0" width="1920" height="1032" />
        </state>
        <state x="690" y="276" key="#com.intellij.ide.actions.ChooseComponentsToExportDialog/0.0.1920.1032" timestamp="1740526450418" />
        <state x="502" y="103" key="Rider.NewProjectDialog.Size" timestamp="1740528826075">
          <screen x="0" y="0" width="1920" height="1032" />
        </state>
        <state x="502" y="103" key="Rider.NewProjectDialog.Size/0.0.1920.1032" timestamp="1740528826075" />
        <state x="464" y="82" key="SettingsEditor" timestamp="1740526424658">
          <screen x="0" y="0" width="1920" height="1032" />
        </state>
        <state x="464" y="82" key="SettingsEditor/0.0.1920.1032" timestamp="1740526424658" />
      </component>
    </defaultProject>
  </component>
</application>