<application>
  <component name="Trusted.Paths">
    <option name="TRUSTED_PROJECT_PATHS">
      <map>
        <entry key="D:\Github\BTM-BrakeTorqueMod\B-Torq" value="true" />
        <entry key="D:\Github\BTM-BrakeTorqueMod\B-Torq\.idea\.idea.B-Torq" value="true" />
        <entry key="D:\Github\CXS" value="true" />
        <entry key="D:\Github\The-Illusion\TheIllusion" value="true" />
        <entry key="D:\Github\The-Illusion\TheIllusion\.idea\.idea.TheIllusion" value="true" />
      </map>
    </option>
  </component>
  <component name="Trusted.Paths.Settings">
    <option name="TRUSTED_PATHS">
      <list>
        <option value="D:\" />
        <option value="C:\" />
      </list>
    </option>
  </component>
</application>